{
	"List": [{
		"listID": 2348639,
		"prodId": 1656166984,
		"displayOrder": 1,
		"quantity": 0,
		"productLink": {
			"rel": "Octopus Ocean Animal Bookend Pair Resin",
			"href": "/Store/Product/1656166984?siteId=66",
			"type": "application/json; charset=UTF-8"
		},
		"caption": "Octopus Ocean Animal Bookend Pair Resin",
		"imageURL": "https://img.shop.com/Image/240000/249600/249626/products/1686371538.jpg",
		"price": 61.88,
		"currency": "$",
		"description": "Measures 11 x 10 1/4 x 7 inches Made of painted resin with distressed finish Made by Midwest, imported",
		"hasFullDescription": true,
		"brand": "Mary B Decorative Art",
		"productUrl": "https://shop.com/Octopus+Ocean+Animal+Bookend+Pair+Resin-1686371538-p+.xhtml",
		"isAvailable": true,
		"maxOrderQuantity": 500,
		"mediumImageURL": "https://img.shop.com/Image/240000/249600/249626/products/1686371538__175x175__.jpg"
	}, {
		"listID": 2348639,
		"prodId": 1450791863,
		"displayOrder": 2,
		"quantity": 0,
		"productLink": {
			"rel": "Octopus Spirit Decorative Antique Bronze Finish Statue and Glass Decanter Set",
			"href": "/Store/Product/1450791863?siteId=66",
			"type": "application/json; charset=UTF-8"
		},
		"caption": "Octopus Spirit Decorative Antique Bronze Finish Statue and Glass Decanter Set",
		"imageURL": "https://img.shop.com/Image/260000/260800/260874/products/1481472933.jpg",
		"price": 109.80,
		"currency": "$",
		"description": "This unique octopus decanter is a truly impressive piece of art that will make a great addition to any home bar or to set off on its own in a place of honor. The clear glass decanter is set in an octopus sculpture, and cradled by its tentacles. The...",
		"hasFullDescription": true,
		"brand": "Zeckos",
		"productUrl": "https://shop.com/Octopus+Spirit+Decorative+Antique+Bronze+Finish+Statue+and+Glass+Decanter+Set-1481472933-p+.xhtml",
		"isAvailable": true,
		"maxOrderQuantity": 500,
		"mediumImageURL": "https://img.shop.com/Image/260000/260800/260874/products/1481472933__175x175__.jpg"
	}, {
		"listID": 2348639,
		"prodId": 1510269789,
		"displayOrder": 3,
		"quantity": 0,
		"productLink": {
			"rel": "Unicorn Studios WU76559A4 Steampunk Octopus Wall Plaque - Bronze",
			"href": "/Store/Product/1510269789?siteId=66",
			"type": "application/json; charset=UTF-8"
		},
		"caption": "Unicorn Studios WU76559A4 Steampunk Octopus Wall Plaque - Bronze",
		"imageURL": "https://img.shop.com/Image/250000/251800/251872/products/1541177129.jpg",
		"price": 101.25,
		"currency": "$",
		"description": "Add an element of fun to your walls by decorating them with these wall decor and decals&#46; Portraying fancy prints&#44; these stickers will be a big hit amongst everyone&#46; Pick your favorite one and transform a regular wall into a work of...",
		"hasFullDescription": true,
		"brand": "UnbeatableSale",
		"productUrl": "https://shop.com/Unicorn+Studios+WU76559A4+Steampunk+Octopus+Wall+Plaque+Bronze-1541177129-p+.xhtml",
		"isAvailable": true,
		"maxOrderQuantity": 500,
		"mediumImageURL": "https://img.shop.com/Image/250000/251800/251872/products/1541177129__175x175__.jpg"
	}, {
		"listID": 2348639,
		"prodId": 1622357240,
		"displayOrder": 4,
		"quantity": 0,
		"productLink": {
			"rel": "Set of 2 Silver Octopus and Starfish Glass Hurricane Candle Holders",
			"href": "/Store/Product/1622357240?siteId=66",
			"type": "application/json; charset=UTF-8"
		},
		"caption": "Set of 2 Silver Octopus and Starfish Glass Hurricane Candle Holders",
		"imageURL": "https://img.shop.com/Image/240000/248000/248061/products/1652536794.jpg",
		"price": 124.99,
		"currency": "$",
		"description": "This set of 2 hurricane candle holders feature a very detailed starfish and octopus\r\n Great addition to any nautical or beach themed decor\r\n Dimensions:  7.5”H x 5.25”D\r\n Material(s): polyresin/glass\r\n For indoor use only",
		"hasFullDescription": true,
		"brand": "Christmas Central",
		"productUrl": "https://shop.com/Set+of+2+Silver+Octopus+and+Starfish+Glass+Hurricane+Candle+Holders-1652536794-p+.xhtml",
		"isAvailable": true,
		"maxOrderQuantity": 500,
		"mediumImageURL": "https://img.shop.com/Image/240000/248000/248061/products/1652536794__175x175__.jpg"
	}, {
		"listID": 2348639,
		"prodId": 1315517189,
		"displayOrder": 5,
		"quantity": 0,
		"productLink": {
			"rel": "Squiggly Armed Octopus Bookends Set of 2",
			"href": "/Store/Product/1315517189?siteId=66",
			"type": "application/json; charset=UTF-8"
		},
		"caption": "Squiggly Armed Octopus Bookends Set of 2",
		"imageURL": "https://img.shop.com/Image/260000/260800/260874/products/1347194474.jpg",
		"price": 97.99,
		"currency": "$",
		"description": "What could be better than curling up with a good book? This set of 2 octopus bookends that seemingly want to curl around your books! They're a fun accent for your home or office, and the perfect way to accent your favorite book collection! Each 8.5...",
		"hasFullDescription": true,
		"brand": "Zeckos",
		"productUrl": "https://shop.com/Squiggly+Armed+Octopus+Bookends+Set+of+2-1347194474-p+.xhtml",
		"isAvailable": true,
		"maxOrderQuantity": 500,
		"mediumImageURL": "https://img.shop.com/Image/260000/260800/260874/products/1347194474__175x175__.jpg"
	}, {
		"listID": 2348639,
		"prodId": 1320567920,
		"displayOrder": 6,
		"quantity": 0,
		"productLink": {
			"rel": "Steampunk Octopus Bronze Finished Single Bookend",
			"href": "/Store/Product/1320567920?siteId=66",
			"type": "application/json; charset=UTF-8"
		},
		"caption": "Steampunk Octopus Bronze Finished Single Bookend",
		"imageURL": "https://img.shop.com/Image/260000/260800/260874/products/1352196010.jpg",
		"price": 60.75,
		"currency": "$",
		"description": "This cool Steampunk style single bookend depicts a metal strapped octopus against a backdrop of gears, cogs and steam pipes. Made of cold cast resin, the bookend measures 8 inches tall, 3 3/4 inches long and 4 1/2 inches wide. It has a metallic bronze...",
		"hasFullDescription": true,
		"brand": "Zeckos",
		"productUrl": "https://shop.com/Steampunk+Octopus+Bronze+Finished+Single+Bookend-1352196010-p+.xhtml",
		"isAvailable": true,
		"maxOrderQuantity": 500,
		"mediumImageURL": "https://img.shop.com/Image/260000/260800/260874/products/1352196010__175x175__.jpg"
	}, {
		"listID": 2348639,
		"prodId": 1568678866,
		"displayOrder": 7,
		"quantity": 0,
		"productLink": {
			"rel": "Lava 46928-999 W Octopus 20x17 Outdoor Pillow",
			"href": "/Store/Product/1568678866?siteId=66",
			"type": "application/json; charset=UTF-8"
		},
		"caption": "Lava 46928-999 W Octopus 20x17 Outdoor Pillow",
		"imageURL": "https://img.shop.com/Image/260000/260800/260874/products/1598861340.jpg",
		"price": 40.00,
		"currency": "$",
		"description": "Cover made of durable material.  Insert filled with eco-friendly recycled fiber. Spot cleaning recommended.      For residents of California - California Proposition 65 Warning: This product contains one or more chemicals known to the State of...",
		"hasFullDescription": true,
		"brand": "Zeckos",
		"productUrl": "https://shop.com/Lava+46928+999+W+Octopus+20x17+Outdoor+Pillow-1598861340-p+.xhtml",
		"isAvailable": true,
		"maxOrderQuantity": 500,
		"mediumImageURL": "https://img.shop.com/Image/260000/260800/260874/products/1598861340__175x175__.jpg"
	}]
}